roi_id,label
0001_17-38-12_p0,not_welding
0001_17-38-12_p1,not_welding
0001_17-38-12_p2,not_welding
0001_17-38-12_p3,not_welding
0001_17-38-12_p4,welding
0001_17-38-12_p5,not_welding
0001_17-38-12_p6,not_welding
0001_17-38-12_p7,not_welding
0001_17-38-17_p0,not_welding
0001_17-38-17_p1,not_welding
0001_17-38-17_p2,not_welding
0001_17-38-17_p3,not_welding
0001_17-38-17_p4,not_welding
0001_17-38-17_p5,not_welding
0001_17-38-17_p6,not_welding
0001_17-38-17_p7,not_welding
0001_17-38-17_p8,not_welding
0001_17-38-17_p9,not_welding
0001_18-06-25_p0,not_welding
0001_18-06-25_p1,not_welding
0001_18-06-25_p2,not_welding
0001_18-06-25_p3,not_welding
0001_18-06-25_p4,not_welding
0001_18-19-52_p0,not_welding
0001_18-19-52_p1,not_welding
0001_18-19-52_p2,not_welding
0001_18-19-52_p3,not_welding
0001_18-19-52_p4,not_welding
0001_18-35-38_p0,not_welding
0001_18-35-38_p1,not_welding
0001_18-35-38_p2,welding
0001_18-35-38_p3,not_welding
0001_18-35-38_p4,not_welding
0001_18-35-38_p5,not_welding
0001_18-35-38_p6,not_welding
0002_17-38-12_p0,not_welding
0002_17-38-12_p1,not_welding
0002_17-38-12_p2,not_welding
0002_17-38-12_p3,not_welding
0002_17-38-18_p0,not_welding
0002_17-38-18_p1,not_welding
0002_17-38-18_p2,not_welding
0002_17-38-18_p3,not_welding
0002_17-38-18_p4,not_welding
0002_17-38-18_p5,not_welding
0002_17-38-18_p6,not_welding
0002_17-38-18_p7,welding
0002_17-38-18_p8,not_welding
0002_17-38-18_p9,not_welding
0002_17-38-18_p10,not_welding
0002_17-38-18_p11,not_welding
0002_18-06-26_p0,not_welding
0002_18-06-26_p1,not_welding
0002_18-06-26_p2,not_welding
0002_18-06-26_p3,not_welding
0002_18-06-26_p4,not_welding
0002_18-19-53_p0,not_welding
0002_18-19-53_p1,not_welding
0002_18-19-53_p2,not_welding
0002_18-19-53_p3,welding
0002_18-19-53_p4,welding
0002_18-19-53_p5,not_welding
0002_18-19-53_p6,not_welding
0002_18-35-39_p0,not_welding
0002_18-35-39_p1,not_welding
0002_18-35-39_p2,not_welding
0003_17-38-13_p0,not_welding
0003_17-38-13_p1,not_welding
0003_17-38-13_p2,not_welding
0003_17-38-13_p3,welding
0003_17-38-18_p0,welding
0003_17-38-18_p1,not_welding
0003_17-38-18_p2,not_welding
0003_17-38-18_p3,not_welding
0003_17-38-18_p4,not_welding
0003_17-38-18_p5,not_welding
0003_17-38-18_p6,not_welding
0003_17-38-18_p7,not_welding
0003_17-38-18_p8,not_welding
0003_17-38-18_p9,not_welding
0003_17-38-18_p10,not_welding
0003_17-38-18_p11,not_welding
0003_18-06-27_p0,not_welding
0003_18-06-27_p1,not_welding
0003_18-06-27_p2,not_welding
0003_18-06-27_p3,not_welding
0003_18-19-54_p0,not_welding
0003_18-19-54_p1,welding
0003_18-19-54_p2,not_welding
0003_18-19-54_p3,not_welding
0003_18-19-54_p4,welding
0003_18-19-54_p5,not_welding
0003_18-19-54_p6,welding
0003_18-35-40_p0,welding
0003_18-35-40_p1,not_welding
0003_18-35-40_p2,not_welding
0003_18-35-40_p3,not_welding
0003_18-35-40_p4,not_welding
0004_17-38-14_p0,not_welding
0004_17-38-14_p1,not_welding
0004_17-38-14_p2,welding
0004_17-38-14_p3,not_welding
0004_17-38-19_p0,not_welding
0004_17-38-19_p1,welding
0004_17-38-19_p2,not_welding
0004_17-38-19_p3,not_welding
0004_17-38-19_p4,not_welding
0004_17-38-19_p5,not_welding
0004_17-38-19_p6,not_welding
0004_17-38-19_p7,not_welding
0004_17-38-19_p8,not_welding
0004_17-38-19_p9,not_welding
0004_17-38-19_p10,not_welding
0004_18-06-28_p0,not_welding
0004_18-06-28_p1,not_welding
0004_18-06-28_p2,not_welding
0004_18-06-28_p3,not_welding
0004_18-06-28_p4,not_welding
0004_18-19-55_p0,not_welding
0004_18-19-55_p1,not_welding
0004_18-19-55_p2,welding
0004_18-19-55_p3,not_welding
0004_18-19-55_p4,not_welding
0004_18-19-55_p5,welding
0004_18-35-41_p0,not_welding
0004_18-35-41_p1,not_welding
0004_18-35-41_p2,not_welding
0004_18-35-41_p3,not_welding
0004_18-35-41_p4,not_welding
0005_17-38-15_p0,not_welding
0005_17-38-15_p1,not_welding
0005_17-38-15_p2,not_welding
0005_17-38-15_p3,not_welding
0005_17-38-20_p0,not_welding
0005_17-38-20_p1,not_welding
0005_17-38-20_p2,not_welding
0005_17-38-20_p3,not_welding
0005_17-38-20_p4,welding
0005_17-38-20_p5,not_welding
0005_17-38-20_p6,not_welding
0005_17-38-20_p7,not_welding
0005_17-38-20_p8,not_welding
0005_17-38-20_p9,not_welding
0005_18-06-28_p0,not_welding
0005_18-06-28_p1,not_welding
0005_18-06-28_p2,not_welding
0005_18-06-28_p3,not_welding
0005_18-19-55_p0,not_welding
0005_18-19-55_p1,welding
0005_18-19-55_p2,not_welding
0005_18-35-42_p0,not_welding
0005_18-35-42_p1,not_welding
0005_18-35-42_p2,welding
0005_18-35-42_p3,not_welding
0005_18-35-42_p4,not_welding
0005_18-35-42_p5,not_welding
0005_18-35-42_p6,not_welding
0006_17-38-16_p0,not_welding
0006_17-38-16_p1,not_welding
0006_17-38-16_p2,not_welding
0006_17-38-16_p3,welding
0006_17-38-16_p4,not_welding
0006_17-38-21_p0,not_welding
0006_17-38-21_p1,not_welding
0006_17-38-21_p2,not_welding
0006_17-38-21_p3,not_welding
0006_17-38-21_p4,not_welding
0006_17-38-21_p5,not_welding
0006_17-38-21_p6,not_welding
0006_17-38-21_p7,not_welding
0006_17-38-21_p8,not_welding
0006_17-38-21_p9,not_welding
0006_17-38-21_p10,not_welding
0006_18-06-29_p0,not_welding
0006_18-06-29_p1,not_welding
0006_18-06-29_p2,not_welding
0006_18-06-29_p3,not_welding
0006_18-06-29_p4,not_welding
0006_18-06-29_p5,not_welding
0006_18-19-56_p0,not_welding
0006_18-19-56_p1,welding
0006_18-19-56_p2,not_welding
0006_18-19-56_p3,not_welding
0006_18-19-56_p4,not_welding
0006_18-19-56_p5,not_welding
0006_18-19-56_p6,welding
0006_18-35-43_p0,welding
0006_18-35-43_p1,not_welding
0006_18-35-43_p2,not_welding
0006_18-35-43_p3,not_welding
0006_18-35-43_p4,not_welding
0006_18-35-43_p5,not_welding
0006_18-35-43_p6,not_welding
0007_17-38-16_p0,not_welding
0007_17-38-16_p1,not_welding
0007_17-38-16_p2,not_welding
0007_17-38-16_p3,not_welding
0007_17-38-16_p4,welding
0007_17-38-22_p0,not_welding
0007_17-38-22_p1,not_welding
0007_17-38-22_p2,not_welding
0007_17-38-22_p3,not_welding
0007_17-38-22_p4,not_welding
0007_17-38-22_p5,not_welding
0007_17-38-22_p6,not_welding
0007_17-38-22_p7,not_welding
0007_17-38-22_p8,not_welding
0007_17-38-22_p9,not_welding
0007_18-06-30_p0,not_welding
0007_18-06-30_p1,not_welding
0007_18-06-30_p2,not_welding
0007_18-19-57_p0,not_welding
0007_18-19-57_p1,not_welding
0007_18-19-57_p2,welding
0007_18-19-57_p3,not_welding
0007_18-19-57_p4,not_welding
0007_18-19-57_p5,not_welding
0007_18-35-43_p0,not_welding
0007_18-35-43_p1,welding
0007_18-35-43_p2,not_welding
0007_18-35-43_p3,not_welding
0007_18-35-43_p4,not_welding
0007_18-35-43_p5,not_welding
0007_18-35-43_p6,not_welding
0008_17-38-17_p0,not_welding
0008_17-38-17_p1,not_welding
0008_17-38-17_p2,not_welding
0008_17-38-17_p3,welding
0008_17-38-17_p4,not_welding
0008_17-38-23_p0,not_welding
0008_17-38-23_p1,not_welding
0008_17-38-23_p2,not_welding
0008_17-38-23_p3,not_welding
0008_17-38-23_p4,not_welding
0008_17-38-23_p5,not_welding
0008_17-38-23_p6,not_welding
0008_17-38-23_p7,not_welding
0008_17-38-23_p8,welding
0008_18-06-31_p0,not_welding
0008_18-06-31_p1,not_welding
0008_18-06-31_p2,not_welding
0008_18-19-58_p0,not_welding
0008_18-19-58_p1,welding
0008_18-19-58_p2,not_welding
0008_18-19-58_p3,not_welding
0008_18-35-44_p0,not_welding
0008_18-35-44_p1,not_welding
0008_18-35-44_p2,not_welding
0008_18-35-44_p3,not_welding
0008_18-35-44_p4,not_welding
0008_18-35-44_p5,not_welding
0009_17-38-18_p0,not_welding
0009_17-38-18_p1,not_welding
0009_17-38-18_p2,not_welding
0009_17-38-18_p3,not_welding
0009_17-38-23_p0,not_welding
0009_17-38-23_p1,not_welding
0009_17-38-23_p2,not_welding
0009_17-38-23_p3,not_welding
0009_17-38-23_p4,welding
0009_17-38-23_p5,not_welding
0009_17-38-23_p6,not_welding
0009_17-38-23_p7,not_welding
0009_17-38-23_p8,not_welding
0009_17-38-23_p9,not_welding
0009_17-38-23_p10,not_welding
0009_18-06-32_p0,not_welding
0009_18-06-32_p1,not_welding
0009_18-06-32_p2,not_welding
0009_18-06-32_p3,not_welding
0009_18-06-32_p4,not_welding
0009_18-06-32_p5,not_welding
0009_18-06-32_p6,not_welding
0009_18-19-59_p0,not_welding
0009_18-19-59_p1,welding
0009_18-19-59_p2,not_welding
0009_18-19-59_p3,not_welding
0009_18-19-59_p4,not_welding
0009_18-35-45_p0,not_welding
0009_18-35-45_p1,not_welding
0009_18-35-45_p2,not_welding
0009_18-35-45_p3,not_welding
0009_18-35-45_p4,not_welding
0010_17-38-19_p0,not_welding
0010_17-38-19_p1,not_welding
0010_17-38-24_p0,not_welding
0010_17-38-24_p1,welding
0010_17-38-24_p2,not_welding
0010_17-38-24_p3,not_welding
0010_17-38-24_p4,not_welding
0010_17-38-24_p5,not_welding
0010_17-38-24_p6,not_welding
0010_17-38-24_p7,not_welding
0010_17-38-24_p8,not_welding
0010_17-38-24_p9,not_welding
0010_17-38-24_p10,not_welding
0010_18-06-32_p0,not_welding
0010_18-06-32_p1,not_welding
0010_18-06-32_p2,not_welding
0010_18-06-32_p3,not_welding
0010_18-06-32_p4,not_welding
0010_18-06-32_p5,not_welding
0010_18-06-32_p6,not_welding
0010_18-19-59_p0,not_welding
0010_18-19-59_p1,not_welding
0010_18-19-59_p2,not_welding
0010_18-19-59_p3,not_welding
0010_18-19-59_p4,not_welding
0010_18-35-46_p0,not_welding
0010_18-35-46_p1,not_welding
0010_18-35-46_p2,not_welding
